postcode,instals,estimated_dwellings,density,capacity,capunder10,cap10_100,capover100,countunder10,count10_100,countover100,pot_kw,pot_sqm,pot_gwh,Lat,Lon
2000,66,821,2.8,2677,99,1556,1022,23,40,3,56265,"360,097",72.1,-33.86956663,151.206748
2007,31,288,7.3,440,82,358,0,21,10,0,16683,"106,772",21.4,-33.88002149,151.1975342
2008,99,1253,6.1,939,275,664,0,77,22,0,19225,"123,041",24.7,-33.88729744,151.1974754
2009,27,676,1.9,1667,50,662,955,13,11,3,18489,"118,330",23.8,-33.87224739,151.1942878
2010,224,4212,4.4,1641,718,923,0,187,37,0,55246,"353,576",71.1,-33.88348985,151.213735
2011,58,1609,2.1,863,129,734,0,34,24,0,27559,"176,379",35.7,-33.87233988,151.2245885
2015,315,1882,11.4,6458,900,4036,1522,215,96,4,111985,"716,707",144.7,-33.90952536,151.1995149
2016,161,2135,6.6,1313,522,507,284,141,19,1,25204,"161,303",32.4,-33.89316195,151.2035299
2017,112,1282,5.9,1662,324,1338,0,76,36,0,38899,"248,954",50,-33.90552973,151.2066164
2018,494,2772,15.7,3251,2012,1239,0,436,58,0,55474,"355,036",71.4,-33.91535002,151.204709
2019,491,2432,16,4952,1766,3186,0,390,101,0,111059,"710,774",145.9,-33.94962188,151.2038146
2020,436,2236,17,4364,1688,1967,709,380,54,2,89051,"569,928",113.3,-33.92838794,151.1895915
2021,290,4536,5.7,1942,1091,851,0,258,32,0,40176,"257,127",51.8,-33.88594876,151.2302214
2022,351,2569,12.5,1987,1457,530,0,322,29,0,33800,"216,322",43.5,-33.89200889,151.2505339
2023,320,1713,13.7,2516,1254,1262,0,234,86,0,32095,"205,406",41.4,-33.88452741,151.2590172
2024,473,2213,18.6,3223,1933,1290,0,412,61,0,27898,"178,548",35.9,-33.90284494,151.2587021
2025,171,1730,8.6,1127,743,384,0,149,22,0,20893,"133,716",26.9,-33.88767923,151.2463791
2026,739,3876,17,4295,3095,1200,0,657,82,0,61928,"396,340",79.8,-33.89078513,151.2676449
2027,94,826,9.2,690,368,322,0,76,18,0,18381,"117,640",23.7,-33.87623085,151.2368867
2028,77,596,9.6,677,293,384,0,57,20,0,13647,"87,338",17.6,-33.87793577,151.243134
2029,233,1325,14,1619,941,678,0,185,48,0,26894,"172,120",34.6,-33.87207137,151.2696902
2030,570,3521,12.7,4223,2279,1944,0,447,123,0,52119,"333,559",67.3,-33.86605151,151.2788176
2031,898,5209,15.5,5560,3726,1834,0,806,92,0,92295,"590,691",119.1,-33.91523459,151.2454421
2032,505,3206,14,3078,2127,951,0,448,57,0,41528,"265,780",53.5,-33.92419813,151.230688
2033,266,1411,16,2130,1126,616,388,226,37,3,39241,"251,141",50.5,-33.91171985,151.2220105
2034,602,2669,19.6,3563,2504,1059,0,523,79,0,44349,"283,832",57.1,-33.91270075,151.2579117
2035,1470,7769,16.7,8753,5893,2860,0,1299,171,0,99434,"636,380",128.1,-33.94169324,151.2377714
2036,1641,6967,20.4,10598,6745,3618,235,1424,216,1,144448,"924,466",187.8,-33.96874333,151.2348191
2037,336,4676,6.6,1903,1221,682,0,308,28,0,39238,"251,120",50.5,-33.881207,151.1861181
2038,433,3032,13.7,1984,1672,312,0,415,18,0,31250,"200,002",40.4,-33.88531506,151.1693629
2039,319,2626,11.7,1549,1246,303,0,306,13,0,24977,"159,851",32.4,-33.86497181,151.172639
2040,1063,7261,13.6,5886,4201,1685,0,990,73,0,82259,"526,460",106.3,-33.88233226,151.1526574
2041,601,4854,11.8,2862,2320,542,0,571,30,0,37098,"237,430",47.8,-33.85390674,151.1818572
2042,636,5656,10.6,3076,2309,767,0,601,35,0,46923,"300,310",60.4,-33.89736773,151.1790964
2043,161,1823,8.3,840,570,270,0,151,10,0,16899,"108,152",21.7,-33.90243307,151.1848039
2044,496,2746,16.4,3962,1833,1139,990,451,44,1,57432,"367,562",74.8,-33.91585725,151.1708677
2045,392,2171,15.3,2936,1827,1109,0,332,60,0,35743,"228,753",46,-33.88092159,151.1398509
2046,1152,6610,14.9,7391,4595,2796,0,984,168,0,89524,"572,951",115.6,-33.86404291,151.1275985
2047,369,2272,14.3,2160,1546,614,0,326,43,0,34940,"223,615",45,-33.85229127,151.1524134
2048,296,2120,12.9,1760,1197,563,0,274,22,0,25607,"163,884",33,-33.89397178,151.1646814
2049,444,2637,15.8,2333,1768,565,0,416,28,0,36567,"234,029",47.1,-33.89311507,151.1504582
2050,184,1163,13.2,1607,543,1064,0,153,31,0,29015,"185,698",37.4,-33.88815607,151.1770997
2060,235,2419,8.2,1923,849,794,280,199,35,1,37266,"238,500",48.1,-33.84023623,151.2087821
2061,31,301,7.6,275,103,172,0,23,8,0,9251,"59,204",11.9,-33.84694154,151.2127674
2062,202,1388,13.5,1104,897,207,0,188,14,0,16051,"102,724",20.7,-33.82633199,151.2115469
2063,523,1972,21.5,3643,2088,1555,0,423,100,0,27190,"174,013",35,-33.8105396,151.2195434
2064,329,1275,19.9,3732,1226,1976,530,254,74,1,50149,"320,953",65.8,-33.80951264,151.1840453
2065,795,4746,15,5140,3141,1669,330,713,80,2,81120,"519,167",104.7,-33.82523818,151.2004598
2066,1645,6443,21.3,11092,6495,4437,160,1374,270,1,100326,"642,085",130,-33.80952696,151.1672145
2067,815,3948,18.3,4755,3225,1530,0,724,91,0,74471,"476,615",96.3,-33.79610033,151.1771728
2068,1152,5267,19.1,7037,5032,2005,0,1004,148,0,66930,"428,355",86.2,-33.79895046,151.201787
2069,959,4118,19.4,6277,3951,2326,0,800,159,0,67385,"431,262",86.9,-33.78173704,151.19229
2070,886,3371,21.5,5973,3674,2299,0,725,161,0,57358,"367,091",74,-33.7736715,151.1719635
2071,807,3306,18.8,5689,3132,2557,0,622,185,0,54334,"347,736",70,-33.76278131,151.1655432
2072,345,1693,15.8,2607,1279,1328,0,268,77,0,31217,"199,789",40.2,-33.75429558,151.1526631
2073,1078,4872,18.2,7748,4533,2735,480,885,191,2,74899,"479,353",96.4,-33.74780545,151.1373215
2074,1630,6518,20.7,10468,6563,3905,0,1348,282,0,104607,"669,482",134.5,-33.71899136,151.141143
2075,1423,6427,18,9894,6191,3703,0,1157,266,0,94073,"602,068",121.2,-33.72458552,151.1611602
2076,1558,7428,17.6,10416,6168,4075,173,1311,246,1,111816,"715,620",144,-33.7140835,151.1134154
2077,1897,7658,21.6,12676,7573,3861,1242,1657,237,3,143336,"917,348",185,-33.6979631,151.1040835
2079,661,2436,24,3640,2722,918,0,585,76,0,29769,"190,524",38.3,-33.67144201,151.1157416
2080,194,610,26.6,1482,740,742,0,162,32,0,19419,"124,281",25.5,-33.65707887,151.1352772
2081,663,1873,32.8,3329,2687,642,0,614,49,0,22743,"145,553",29.4,-33.60972839,151.1587767
2082,689,1858,34.4,3553,2843,710,0,640,49,0,23898,"152,947",30.8,-33.60008595,151.1421436
2083,232,874,23.2,1266,847,419,0,203,29,0,11829,"75,704",15.3,-33.53592215,151.2113844
2084,374,1161,25.7,2882,1488,1394,0,298,76,0,37406,"239,397",48.4,-33.68205894,151.2194715
2085,1180,4279,24.2,7123,4765,2358,0,1034,146,0,61073,"390,867",78.7,-33.72849637,151.2076039
2086,1165,4346,23.5,6806,4708,2098,0,1023,142,0,65602,"419,854",84.5,-33.75237057,151.2365308
2087,1104,4286,22.4,6344,4407,1937,0,962,142,0,56992,"364,751",73.5,-33.76666483,151.2162144
2088,1021,6085,13.7,7086,4142,2944,0,835,186,0,97321,"622,852",125.4,-33.82697925,151.2405348
2089,127,1167,9.2,904,487,417,0,107,20,0,23646,"151,337",30.5,-34.1486829,150.8981887
2090,259,1867,12.3,1464,999,465,0,229,30,0,28624,"183,193",36.9,-33.83030669,151.2258569
2092,556,2434,19,3737,2177,1560,0,462,94,0,28914,"185,047",37.3,-33.78485542,151.2410643
2093,1423,6138,20,9121,5879,3242,0,1226,197,0,76278,"488,182",98.4,-33.78640591,151.2530933
2094,240,1362,16.1,1311,1020,291,0,219,21,0,14438,"92,405",18.6,-33.79577127,151.2765012
2095,422,1733,21.1,2765,1761,1004,0,366,56,0,42011,"268,868",54.2,-33.79890584,151.2897169
2096,772,2928,23.1,4423,3197,1226,0,675,97,0,36039,"230,647",46.5,-33.77706457,151.2863812
2097,1058,3932,24.1,5804,4303,1501,0,949,109,0,50814,"325,208",65.5,-33.73380131,151.2946772
2099,1967,7937,21.9,11491,7931,3431,129,1736,230,1,121618,"778,353",157.3,-33.74880329,151.2853715
2100,1699,6130,23.4,12298,6704,5161,433,1433,264,2,130330,"834,111",169.5,-33.75423252,151.2568125
2101,1136,4913,19.8,6725,4319,2406,0,973,163,0,83974,"537,436",108.2,-33.70583097,151.2866457
2102,651,2055,28.6,3935,2643,1292,0,588,63,0,39911,"255,431",51.7,-33.68862798,151.2956049
2103,739,3031,20.5,5276,2966,2310,0,620,119,0,56117,"359,147",72.7,-33.67645141,151.3016858
2104,279,1837,11.9,1992,1033,959,0,218,61,0,19304,"123,544",24.9,-33.6643067,151.2924923
2105,139,1026,11.5,831,556,275,0,118,21,0,7940,"50,817",10.3,-33.63620568,151.2856222
2106,515,2804,15.3,3130,1967,1163,0,430,85,0,37801,"241,929",48.8,-33.65626699,151.3179309
2107,1016,5130,16.8,6385,4174,2211,0,862,154,0,66700,"426,883",86.2,-33.62907462,151.3270748
2108,142,1242,9.3,854,532,322,0,115,27,0,18828,"120,498",24.3,-33.59271074,151.3132105
2109,1,239,0,21,0,21,0,0,1,0,0,0,0,-33.77476165,151.1141209
2110,530,2838,15.6,3450,2176,1274,0,444,86,0,40698,"260,466",52.4,-33.83521319,151.1549962
2111,813,4205,16.4,5198,3307,1891,0,691,122,0,58567,"374,831",75.7,-33.8337489,151.1309324
2112,1689,8301,17.7,10567,6806,3461,300,1473,215,1,110888,"709,680",142.7,-33.81392043,151.1130613
2113,1189,5199,19.7,10323,4828,4642,853,1025,160,4,115638,"740,082",148.8,-33.79235307,151.127202
2114,1121,5238,18.9,6817,4346,2207,264,991,129,1,85572,"547,658",110.8,-33.81460021,151.0887722
2115,700,4142,15,4098,2890,1208,0,621,79,0,40581,"259,721",52.4,-33.81230982,151.0508243
2116,402,2665,12.1,4760,1413,2148,1199,323,76,3,68152,"436,175",89.7,-33.81390392,151.0350399
2117,1250,7849,13.8,7511,4984,2527,0,1082,168,0,65214,"417,369",83.9,-33.79709375,151.0400682
2118,1934,6710,25.6,9971,7133,2838,0,1716,218,0,89403,"572,181",115,-33.78203615,151.0337149
2119,899,3767,20.5,5366,3698,1668,0,774,125,0,44517,"284,909",57.3,-33.75366252,151.0688117
2120,1584,6858,20,10223,6492,3731,0,1369,215,0,87458,"559,734",112.9,-33.72891756,151.0772114
2121,1865,7491,22.5,10011,7528,2483,0,1682,183,0,98088,"627,764",126.2,-33.77090458,151.0788914
2122,1739,9953,15.8,8945,6379,2566,0,1572,167,0,100212,"641,354",129,-33.78543086,151.0880851
2125,1945,5455,29.9,11466,7454,4012,0,1631,314,0,75949,"486,074",97.7,-33.75460791,151.0376422
2126,2165,5911,32.9,11645,8769,2876,0,1946,219,0,74935,"479,583",96.4,-33.72227059,151.0434657
2127,146,1153,9.8,2558,586,1710,262,113,31,2,55536,"355,428",71.3,-33.83470456,151.0709714
2128,166,686,11.5,3873,346,3131,396,79,85,2,77746,"497,576",103.1,-33.8365454,151.0449786
2130,220,1170,17,1398,910,488,0,199,21,0,22315,"142,817",28.8,-33.89344539,151.1370793
2131,587,3044,17.4,3562,2153,1409,0,531,56,0,58298,"373,106",75.1,-33.88446334,151.129075
2132,511,2784,16.7,3097,1988,859,250,464,46,1,39496,"252,775",50.9,-33.87932651,151.114147
2133,490,3237,13.5,2606,1902,704,0,437,53,0,36563,"234,003",47.1,-33.89605626,151.1032871
2134,398,2240,15.4,2420,1370,1050,0,344,54,0,43842,"280,591",56.4,-33.87478906,151.1033539
2135,1124,4686,19,8153,4173,3980,0,892,232,0,81996,"524,771",105.7,-33.87679367,151.0887688
2136,388,2000,16,3401,1410,1771,220,320,67,1,48260,"308,863",63.1,-33.88933116,151.0849219
2137,1210,6108,16.9,7778,4794,2785,199,1033,176,1,91310,"584,384",117.7,-33.85418964,151.1027937
2138,550,2424,19.7,5298,2169,1666,1463,477,71,2,54229,"347,064",70,-33.83575685,151.0870642
2140,251,1213,16.6,6718,839,1481,4398,201,45,5,63818,"408,436",82.8,-33.85998705,151.0756676
2141,1643,7119,20.8,9700,5886,3374,440,1482,159,2,141278,"904,181",182.9,-33.86147773,151.0439577
2142,982,5624,15.1,7317,3571,3250,496,847,133,2,150307,"961,964",196.3,-33.83233442,151.0128244
2143,621,2528,21.7,3785,2328,1457,0,549,72,0,55944,"358,041",72.9,-33.88870058,151.0245693
2144,1505,6757,18.5,11087,5234,5592,261,1251,253,1,146761,"939,271",190.4,-33.85390791,151.0271107
2145,5728,21805,23.4,35622,21795,11981,1846,5093,628,7,361482,"2,313,488",468.8,-33.81210447,150.9608372
2146,1635,5836,25.9,8971,6468,1968,535,1513,121,1,66047,"422,704",85.1,-33.79161255,150.9523431
2147,3881,13576,26,21898,14889,6517,492,3527,351,3,217098,"1,389,429",281.8,-33.76445321,150.9348727
2148,5901,20107,26.6,38453,22628,13370,2455,5343,551,7,417923,"2,674,710",543.2,-33.77501001,150.9026196
2150,343,2444,11.5,3014,1231,1783,0,281,62,0,80409,"514,619",103.5,-33.8120312,151.0091412
2151,1209,4980,20.4,8569,4689,3311,569,1018,188,3,92158,"589,813",119.1,-33.79891128,151.0078388
2152,710,3323,19,4223,2752,1471,0,632,78,0,55812,"357,196",72.4,-33.78880669,150.9953673
2153,6504,18151,31.3,38437,25458,11556,1423,5680,820,4,271214,"1,735,770",349.2,-33.74982678,150.9918144
2154,4042,12192,28,26014,15893,9471,650,3416,625,1,218704,"1,399,707",282.5,-33.74205331,151.0073697
2155,10045,20177,41.3,66866,42954,23206,706,8328,1715,2,269226,"1,723,049",346.7,-33.69606636,150.9330995
2156,1819,4302,29.1,14694,5385,9309,0,1253,566,0,127171,"813,897",163.3,-33.6786185,150.9759119
2157,483,1192,27.4,4382,1496,2886,0,327,156,0,62897,"402,539",81.5,-33.56334488,151.0163159
2158,872,2856,21.6,7985,3151,4535,299,617,254,1,88279,"564,984",113.6,-33.70706192,151.0295385
2159,602,1628,27.1,4742,2162,2580,0,442,160,0,66315,"424,414",85.2,-33.62847711,151.0575139
2160,1662,8830,16.4,10786,6506,3171,1109,1451,210,1,118222,"756,624",152.2,-33.83233777,150.9796396
2161,1838,8598,18.5,13117,6888,5109,1120,1589,247,2,180698,"1,156,468",235.8,-33.85612197,150.9844686
2162,1226,5716,19.2,7480,4737,2743,0,1100,126,0,88474,"566,234",114.7,-33.88168897,151.0034498
2163,519,2208,19.7,5146,1770,3178,198,434,84,1,79940,"511,614",104.9,-33.88553834,150.9738939
2164,2115,6162,26.3,29094,6933,16627,5534,1621,481,13,411235,"2,631,902",542.4,-33.84719585,150.9123071
2165,2694,10309,23.4,15272,9240,5792,240,2411,282,1,169617,"1,085,548",219.3,-33.86786001,150.9460266
2166,3511,12918,24.8,17987,12459,5528,0,3199,312,0,185851,"1,189,448",239.4,-33.89343121,150.9390215
2167,1123,3893,26.6,5778,4641,1137,0,1035,88,0,38476,"246,244",49.4,-33.96920274,150.8885715
2168,3812,12929,27.1,19370,14746,4424,200,3505,306,1,155010,"992,067",199.5,-33.91351901,150.8776946
2170,9150,29463,27.2,67908,35003,25113,7792,8026,1113,11,640310,"4,097,986",833.8,-33.9270675,150.9139312
2171,4342,13250,28.4,27927,18818,7973,1136,3760,580,2,160246,"1,025,577",208.1,-33.92883419,150.8391375
2172,404,1114,31.1,2426,1708,718,0,346,58,0,14192,"90,828",18.3,-33.97721327,150.9912826
2173,1518,4530,31.1,7763,6119,1446,198,1408,109,1,84951,"543,683",110.5,-33.97511383,150.9446676
2174,1544,1259,,13214,7997,3630,1587,1300,242,2,16004,"102,425",20.7,-33.95922619,150.8531559
2175,257,586,21.7,7002,679,3604,2719,127,126,4,53018,"339,316",68.9,-33.8427783,150.8489463
2176,4850,14588,29.5,27846,18700,8163,983,4302,546,2,205304,"1,313,948",264.3,-33.87278448,150.8925829
2177,1637,4825,30.9,8795,6493,2302,0,1492,145,0,64073,"410,064",82.4,-33.89046513,150.8908838
2178,453,1252,20.6,9151,1230,4159,3762,258,190,5,97505,"624,029",125.9,-33.87759504,150.797372
2179,2445,2558,76.6,20222,12536,6992,694,1960,484,1,109710,"702,143",142.2,-33.95498383,150.8055889
2190,1509,7970,15.9,14773,5472,5535,3766,1271,234,4,171775,"1,099,362",224.4,-33.9035106,151.0561047
2191,313,2113,13.1,1735,1209,526,0,276,37,0,23908,"153,010",30.8,-33.90518003,151.0816762
2192,466,2831,14.6,2592,1621,971,0,414,52,0,47895,"306,525",61.9,-33.91546844,151.0925628
2193,842,4094,19.1,4356,3338,1018,0,784,58,0,55468,"354,996",71.5,-33.91212522,151.1208159
2194,526,3060,15,3731,1718,1461,552,458,67,1,59614,"381,529",77,-33.91014773,151.1023057
2195,603,2736,19.3,3430,2058,1372,0,528,75,0,58170,"372,287",75.1,-33.9213788,151.0647145
2196,1622,8517,16.9,8838,6064,2774,0,1443,179,0,119589,"765,371",154.4,-33.92807459,151.0524695
2197,670,3012,20.1,4708,2680,1005,1023,605,64,1,37156,"237,796",47.8,-33.9004684,150.9957158
2198,620,2833,19,3679,2360,1319,0,538,82,0,34957,"223,726",45,-33.91351217,150.9954063
2199,1085,4905,19.5,5900,4054,1846,0,958,127,0,63970,"409,409",82.5,-33.90408824,151.0242509
2200,2001,9110,18.6,15021,7219,7262,540,1696,304,1,201104,"1,287,065",259.7,-33.91833042,151.0291703
2203,541,2711,18.9,2582,2086,496,0,513,28,0,37655,"240,991",48.5,-33.90417044,151.1391914
2204,1145,5936,16.5,9069,4108,4579,382,979,165,1,129162,"826,638",168.3,-33.90499495,151.1614256
2205,506,2911,15.5,3007,1876,1131,0,450,56,0,51277,"328,171",66.3,-33.93144628,151.142914
2206,1141,6450,15.7,6161,4410,1751,0,1014,127,0,77160,"493,826",99.4,-33.92511412,151.1364811
2207,1388,8869,14.1,7951,5292,2433,226,1250,137,1,103471,"662,214",133.4,-33.934624,151.1289021
2208,801,4239,16.9,5256,3049,2207,0,718,83,0,81756,"523,237",106.6,-33.94223479,151.1057187
2209,1049,4946,19.8,4927,3899,1028,0,980,69,0,58335,"373,346",75.2,-33.94745692,151.0675292
2210,2130,9215,20.4,12443,7930,4513,0,1882,248,0,139690,"894,015",181.3,-33.95052394,151.0571732
2211,1269,6374,17.2,8920,4866,3816,238,1096,172,1,107205,"686,111",139.6,-33.95335058,151.0330718
2212,1231,5802,18.4,8906,4882,3799,225,1070,160,1,115524,"739,354",150.7,-33.94390558,151.0104676
2213,1865,8072,20.5,10672,7603,2893,176,1656,208,1,91690,"586,814",118,-33.95287977,150.9961609
2214,525,1365,31.7,4197,2022,2175,0,433,92,0,57880,"370,433",76,-33.93408492,150.9944975
2216,799,4728,15.1,4625,3112,1513,0,714,85,0,81072,"518,858",104.7,-33.95135334,151.1458299
2217,931,5360,14.6,6347,3452,2568,327,782,148,1,93017,"595,312",119.9,-33.9714592,151.1352012
2218,568,2722,19,3047,2215,832,0,516,52,0,47657,"305,004",61.6,-33.9679229,151.1205883
2219,684,4341,13.2,4323,2641,1682,0,573,111,0,52476,"335,849",67.6,-33.99555933,151.139988
2220,1153,5157,19.4,6700,4253,2447,0,1000,153,0,83918,"537,074",108.2,-33.96643397,151.105461
2221,1049,5197,16,6925,3892,3033,0,833,216,0,70712,"452,556",91.1,-33.98589112,151.1101836
2222,503,2710,17,2702,1976,726,0,461,42,0,37894,"242,524",48.9,-33.96631083,151.0901246
2223,1315,5912,19.5,8245,5183,2510,552,1154,159,2,84747,"542,384",109.6,-33.97479687,151.0743059
2224,908,4903,15.1,5999,3627,2372,0,739,169,0,63907,"409,004",82.4,-34.01820582,151.1041044
2225,438,1828,20.1,2695,1813,882,0,367,71,0,26594,"170,199",34.3,-34.00880363,151.0787401
2226,1075,4151,23.4,5744,4450,1294,0,971,104,0,51240,"327,934",66.1,-34.00872672,151.0630762
2227,925,4594,17.4,5582,3874,1708,0,801,124,0,62180,"397,954",80.1,-34.03982427,151.0864088
2228,1066,5451,16.9,6587,4227,2360,0,920,146,0,87711,"561,353",113.3,-34.03583879,151.1038852
2229,1809,9293,15.9,13940,7240,5754,946,1474,333,2,183382,"1,173,644",238,-34.04295706,151.1230183
2230,1656,6288,22.2,10562,6821,3741,0,1394,262,0,110095,"704,608",141.9,-34.06062885,151.1485674
2231,276,774,29.7,2358,1163,917,278,230,45,1,42831,"274,121",56.4,-34.00844304,151.2140991
2232,2177,8927,21.9,13211,8967,3581,663,1952,223,2,149305,"955,550",193.2,-34.02975788,151.0609876
2233,2684,9291,25.8,14819,10999,3820,0,2400,284,0,131595,"842,210",169.3,-34.06499218,151.0138368
2234,3347,10316,27.8,21472,14397,6521,554,2864,481,2,158213,"1,012,561",203.7,-34.00972251,151.0211612
2250,7515,23908,27.5,52275,28112,20054,4109,6567,941,7,557911,"3,570,631",725.1,-33.41768012,151.3298369
2251,3836,13875,24.8,20769,15182,5417,170,3438,397,1,181845,"1,163,810",235.4,-33.48813865,151.3983184
2256,1728,8466,18.7,9489,6574,2462,453,1580,146,2,90004,"576,025",116.6,-33.51161398,151.3124621
2257,3008,14478,18.9,15922,12217,3705,0,2741,267,0,161887,"1,036,078",209.4,-33.51113025,151.3104176
2258,648,1972,26.8,4615,2537,1869,209,529,118,1,56863,"363,923",73.9,-33.34837583,151.371453
2259,9830,25012,34.9,56692,39116,17275,301,8730,1099,1,476017,"3,046,510",617.5,-33.24438699,151.4550408
2260,2687,8638,26.8,16188,11010,5178,0,2315,372,0,133860,"856,701",173.1,-33.42954324,151.4318232
2261,5512,23080,21.4,32609,22621,8303,1685,4942,569,1,312109,"1,997,496",404.9,-33.35238807,151.4697278
2262,2766,8779,29.6,14087,11564,2523,0,2601,165,0,120407,"770,607",155.9,-33.22877019,151.5430184
2263,3018,9821,28.4,19179,11270,4063,3846,2794,220,4,143004,"915,224",185.5,-33.25913586,151.5300625
2264,2641,7032,33.7,14586,10231,4103,252,2370,270,1,129842,"830,991",168.3,-33.1054448,151.508599
2265,1356,2756,42.6,8026,5370,2656,0,1175,181,0,55522,"355,339",72.2,-33.06874248,151.4412664
2267,412,1352,28.2,2188,1589,599,0,381,31,0,19220,"123,010",25,-33.0707123,151.5869508
2278,439,910,44.1,2419,1939,480,0,401,38,0,19792,"126,666",25.8,-32.94450419,151.5660467
2280,3387,10988,28.1,18093,13956,4137,0,3088,299,0,151050,"966,720",202.8,-33.02613888,151.6590894
2281,2137,5849,32.7,12430,9102,3328,0,1913,224,0,89649,"573,755",120.5,-33.10242236,151.6343067
2282,2106,5847,31.7,12056,8324,3582,150,1856,249,1,95903,"613,777",128.8,-32.97312492,151.6498819
2283,3533,9935,32.7,18754,14489,4126,139,3249,283,1,146867,"939,946",191.2,-33.02729568,151.587965
2284,1876,4582,36.6,11348,7774,3238,336,1679,195,2,71847,"459,822",96.8,-32.96243583,151.6160504
2285,4449,13738,29.1,26807,18681,7791,335,4002,446,1,217712,"1,393,359",294.3,-32.93428191,151.6485019
2286,638,1810,31.5,3622,2756,866,0,571,67,0,25064,"160,409",32.6,-32.90402859,151.5778055
2287,4872,15568,28.6,31409,19851,6187,5371,4449,421,2,199006,"1,273,641",267.8,-32.89365627,151.6596602
2289,1937,7473,23.7,12035,7991,2477,1567,1772,164,1,106134,"679,257",142.7,-32.94113864,151.7085572
2290,3657,14232,23.5,20833,14641,5618,574,3338,317,2,206079,"1,318,905",277.9,-32.97168455,151.697313
2291,1315,5122,22.6,7370,5215,2155,0,1160,155,0,64189,"410,811",86.3,-32.94351038,151.7506629
2292,264,1097,21.3,1938,1071,867,0,234,30,0,38185,"244,383",51.8,-32.92200479,151.7305762
2293,225,1418,13.8,1421,778,643,0,196,29,0,25212,"161,357",34.3,-32.9184958,151.7566056
2294,148,905,14,1268,507,761,0,127,21,0,26243,"167,953",35.6,-32.91269735,151.7655607
2295,957,3571,24.6,5031,4107,924,0,880,77,0,46012,"294,474",61.8,-32.88160273,151.7972358
2296,173,1006,15.8,862,547,315,0,159,14,0,12260,"78,463",16.6,-32.91526923,151.7471819
2297,214,680,29.6,952,777,175,0,201,13,0,15376,"98,408",20.8,-32.90662845,151.7526629
2298,819,3649,21.1,4106,3189,917,0,770,49,0,51469,"329,401",69.3,-32.90836504,151.7188929
2299,1014,4257,21.7,5526,3900,1626,0,923,91,0,59956,"383,721",80.8,-32.90932834,151.7079324
2300,578,2435,20.8,3905,2084,1821,0,507,71,0,47379,"303,228",63.6,-32.92767852,151.7749615
2302,24,15,,608,20,588,0,4,20,0,14450,"92,479",19.4,-32.92711499,151.7624222
2303,895,3714,21.9,4793,3483,1310,0,812,83,0,49388,"316,085",66.3,-32.92502619,151.7465709
2304,1504,6650,20.6,9286,5528,3455,303,1370,133,1,182113,"1,165,520",247.2,-32.89438036,151.7378788
2305,1337,5229,23.8,9272,5417,1457,2398,1243,93,1,70992,"454,346",95.4,-32.92905911,151.7094778
2306,109,1473,7.1,610,445,165,0,104,5,0,11798,"75,509",15.9,-32.99205485,151.6800312
2307,397,1837,20.8,1790,1540,250,0,383,14,0,21109,"135,095",28.4,-32.87579983,151.6947541
2311,195,453,35.5,1346,759,587,0,161,34,0,17682,"113,167",22.9,-32.33834136,151.5129642
2312,305,624,43.3,1736,1217,519,0,270,35,0,17635,"112,862",23.8,-32.12947736,152.3883822
2315,2245,8368,25,11267,8797,2470,0,2090,155,0,105188,"673,201",141.3,-32.7281863,152.1447024
2316,1185,3024,35.5,6780,4579,2032,169,1074,110,1,53384,"341,658",71.6,-32.7701965,152.1064068
2317,1011,3158,29.3,6868,4012,1630,1226,924,85,2,51203,"327,701",68.9,-32.72062841,152.085384
2318,2488,4924,42.5,15811,10117,5694,0,2092,396,0,130634,"836,056",176.5,-32.76463696,151.8756526
2319,1168,3222,34.4,5659,4735,924,0,1107,61,0,42032,"269,003",56.5,-32.73895591,152.0081356
2320,5698,16098,29.4,44330,24456,17231,2643,4731,962,5,346089,"2,214,972",450.2,-32.71487986,151.4913808
2321,3211,6919,38.3,21857,13922,7330,605,2653,557,1,131331,"840,519",176.3,-32.68982081,151.5818498
2322,3906,8139,40.9,27409,15746,11531,132,3330,575,1,250328,"1,602,100",341,-32.79332025,151.664943
2323,3373,11025,27.9,20439,13838,4684,1917,3074,298,1,178665,"1,143,457",232.2,-32.78184048,151.5691969
2324,4611,12164,34.8,24697,17903,6458,336,4230,379,2,223535,"1,430,626",300.9,-32.73147969,151.8385289
2325,4292,12882,29,31384,17786,8658,4940,3738,553,1,226411,"1,449,028",294.3,-32.89359434,151.2613451
2326,1230,3100,34.9,7427,5125,2000,302,1081,148,1,68391,"437,703",88.9,-32.80204925,151.4500053
2327,992,3212,28.5,5859,4132,1727,0,914,78,0,56938,"364,401",74.4,-32.53480728,151.5126917
2328,360,1159,25.6,2632,1458,1174,0,297,63,0,41877,"268,014",56.5,-32.420476,150.6145339
2329,324,1014,27,2117,1284,833,0,274,50,0,44405,"284,192",59.8,-31.94739768,150.1222582
2330,3200,8288,31.2,25133,12884,10078,2171,2590,607,3,235016,"1,504,103",305,-32.69536579,151.0222091
2333,1700,7218,20,11902,7412,4290,200,1446,253,1,174109,"1,114,300",236.3,-32.29311668,150.8372809
2334,538,1190,37.3,3557,2357,1200,0,444,94,0,20007,"128,043",26,-32.68383917,151.3873527
2335,1352,2569,41.8,9770,5757,4013,0,1073,279,0,62252,"398,411",80.8,-32.65697344,151.3475361
2336,414,1144,31.5,2775,1789,986,0,360,54,0,34610,"221,501",46.7,-32.13424312,150.9403761
2337,1040,3272,26.2,7506,4425,3081,0,857,183,0,118285,"757,021",159.6,-31.94183868,151.0412308
2338,279,758,32.8,1789,1165,624,0,249,30,0,25223,"161,427",34,-31.75153605,150.9143546
2339,128,343,33.8,683,509,174,0,116,12,0,19601,"125,445",26.4,-31.72390282,150.5978901
2340,7153,24113,26.4,47190,30349,15144,1697,6373,773,7,538373,"3,445,586",798.6,-31.12853694,150.931435
2341,246,763,29.4,1611,950,661,0,224,22,0,5059,"32,379",7.5,-31.34249325,150.6377923
2342,67,265,20.4,525,260,265,0,54,13,0,11529,"73,787",17,-31.21829115,150.6690472
2343,671,2301,26.4,3815,2706,1109,0,608,63,0,67878,"434,416",91.4,-31.6093474,150.304911
2344,134,304,41.1,707,545,162,0,125,9,0,19812,"126,796",29.2,-31.19040477,150.7860205
2345,142,299,41.1,922,592,330,0,123,19,0,12345,"79,005",18.2,-30.8993886,150.8455044
2346,524,1557,30.1,2946,1978,968,0,469,55,0,58166,"372,262",86,-30.70655515,150.7063676
2347,335,1008,30,1836,1369,467,0,302,33,0,29244,"187,161",43.2,-30.3511763,150.5799869
2350,3798,11574,29.6,167350,15538,7049,144763,3429,367,2,45130,"288,833",66.1,-30.49375863,151.7033873
2352,451,1225,34.5,2193,1842,351,0,423,28,0,32284,"206,614",47.7,-31.07334623,151.0791179
2353,236,482,47.3,1067,974,93,0,228,8,0,18484,"118,295",27.3,-32.25036463,150.939524
2354,460,1781,23.3,2616,1772,844,0,415,45,0,79289,"507,448",116.3,-31.05756247,151.5571224
2355,102,326,28.2,523,390,133,0,92,10,0,12484,"79,897",18.4,-30.74693838,151.1027452
2356,30,99,26.3,172,119,53,0,26,4,0,3301,"21,124",4.9,-30.59912513,148.9693444
2357,1261,1986,58.8,5888,4082,1806,0,1167,94,0,66469,"425,403",98,-31.36410844,149.4686151
2358,651,1829,32,526125,2567,1163,522395,586,64,1,56124,"359,197",82.3,-30.62298553,151.4586409
2359,162,383,38.4,884,648,236,0,147,15,0,15376,"98,409",22.5,-30.22137602,151.0479785
2360,2473,5879,38,14878,10360,4296,222,2235,237,1,175224,"1,121,434",255.3,-29.76312071,151.1277486
2361,238,443,48.1,1390,963,427,0,213,25,0,19317,"123,628",28.1,-29.20158349,151.1650445
2365,632,1794,31,4049,2751,1298,0,557,75,0,46570,"298,048",67.6,-30.11916543,151.6590717
2369,168,381,40.9,980,682,298,0,156,12,0,10107,"64,684",14.7,-29.93949399,151.2167869
2370,1229,3485,32,32651,5080,2190,25381,1114,113,2,112085,"717,344",163.1,-29.70951088,151.863669
2371,284,698,38.3,1527,1234,293,0,267,17,0,20782,"133,002",30.2,-29.3894358,151.723007
2372,1008,2698,35,4937,3972,965,0,945,63,0,73168,"468,277",105.9,-29.02789505,152.0197382
2379,57,161,28,403,260,143,0,45,12,0,17195,"110,046",25.4,-31.05921474,149.7482024
2380,1668,4579,30.7,165174,6655,4238,154281,1404,262,2,144342,"923,792",213.9,-31.71962246,149.4046385
2381,237,549,38.4,1946,1010,936,0,211,26,0,32168,"205,872",47.5,-31.3418896,150.0372919
2382,220,707,27.9,1333,934,399,0,197,23,0,20254,"129,626",29.9,-30.68452336,150.0572592
2386,55,198,22.7,495,195,300,0,45,10,0,12657,"81,007",18.9,-30.03871481,148.9668948
2387,20,94,18.1,184,64,120,0,17,3,0,10989,"70,331",16.4,-29.7448822,149.0439308
2388,737,1196,56.4,3697,2416,1281,0,675,62,0,65507,"419,248",99.3,-30.18177825,149.1138724
2390,2616,3813,62.5,11802,8223,3579,0,2383,233,0,147910,"946,624",223.9,-30.274103,149.7527856
2395,150,416,33.4,770,601,169,0,139,11,0,8594,"55,004",12.2,-31.56704233,149.4061464
2396,303,441,64.6,1158,900,258,0,285,18,0,11615,"74,338",17.3,-30.9329001,149.0279391
2397,83,172,37.2,508,259,249,0,64,19,0,14363,"91,926",21.7,-29.87882032,149.6661503
2398,40,99,34.3,235,162,73,0,34,6,0,10198,"65,268",15.4,-29.74629285,149.8432819
2399,139,254,48.4,1053,702,351,0,123,16,0,11358,"72,691",17.1,-29.46961394,150.1255755
2400,2624,4007,56.9,80294,8420,6888,64986,2281,341,2,162302,"1,038,732",245.6,-29.39902602,149.510362
2401,57,149,34.9,344,277,67,0,52,5,0,8335,"53,345",12.6,-29.6193564,150.3236599
2402,413,826,44.2,2521,1693,828,0,365,48,0,33331,"213,318",50.3,-29.47063806,150.5854272
2403,147,302,44.7,789,611,178,0,135,12,0,18015,"115,296",27.2,-29.61610338,150.7845247
2404,379,1016,34.2,2204,1521,683,0,347,32,0,32412,"207,438",48.9,-29.91086471,150.5555552
2405,102,279,32.6,581,408,173,0,91,11,0,21284,"136,216",32.1,-28.8524669,149.5724611
2406,203,477,37.9,1284,689,595,0,181,22,0,4972,"31,819",7.5,-28.96486575,149.2254318
2408,53,202,17.3,497,240,257,0,35,18,0,18776,"120,168",28.3,-29.0003097,150.4744693
2409,154,389,32.6,14522,591,353,13578,127,25,2,14754,"94,427",22.3,-28.67347216,150.3825455
2410,42,159,22.6,266,158,108,0,36,6,0,7319,"46,839",11,-28.86849237,150.753859
2411,29,44,,203,107,96,0,22,7,0,3773,"24,150",5.7,-29.11587255,150.2918174
2415,91,214,36.4,587,320,267,0,78,13,0,9761,"62,471",13.1,-32.28146961,151.8675071
2420,706,1940,32.6,4154,2919,1235,0,632,74,0,56497,"361,583",75.9,-32.49363712,151.6208642
2421,414,853,38.6,3011,1641,1370,0,329,85,0,29419,"188,280",38.2,-32.40830733,151.5622602
2422,1205,2700,39.9,7114,4675,2439,0,1076,129,0,84691,"542,020",114,-31.96652399,151.8949041
2423,735,1890,35,4217,2786,1431,0,661,74,0,50146,"320,936",67.3,-32.35962208,152.2902964
2424,97,220,38.6,485,332,153,0,85,12,0,8225,"52,643",11.1,-31.77276952,152.0745279
2425,462,814,49,3029,1787,1242,0,399,63,0,35542,"227,471",47.7,-32.46343453,151.9828725
2426,149,345,40.3,783,654,129,0,139,10,0,4652,"29,772",6.3,-31.8252074,152.5926323
2427,1023,2300,42.8,4707,4225,482,0,984,39,0,27808,"177,974",37.7,-31.8638076,152.688649
2428,4349,12316,33.7,21164,17179,3985,0,4147,202,0,192611,"1,232,711",259.3,-32.26983336,152.5076097
2429,1993,4544,40.1,10714,7982,2732,0,1821,172,0,113806,"728,357",153.9,-31.82747137,152.3173062
2430,6679,15503,39.8,36834,27072,9300,462,6169,508,2,320766,"2,052,905",435.1,-31.94621751,152.5085098
2431,1278,2729,44.3,6017,4943,1074,0,1208,70,0,44714,"286,167",60.7,-30.89641288,153.0461722
2439,1025,1421,68.9,5240,4471,769,0,979,46,0,15148,"96,949",20.5,-31.62766956,152.6822129
2440,3811,9072,38.7,22318,15192,6372,754,3509,299,3,223282,"1,429,005",302.6,-31.01552803,152.7924544
2441,1054,2177,45.4,5040,4082,958,0,988,66,0,51410,"329,024",69.5,-30.97844765,152.8344187
2443,2358,4503,50.4,9534,8000,1534,0,2270,88,0,18718,"119,798",25.3,-31.69073838,152.7265821
2444,8758,19614,41.3,49054,35525,12497,1032,8098,657,3,320080,"2,048,512",434.3,-31.45060148,152.8856799
2445,1692,3264,49.7,8296,7161,1135,0,1623,69,0,93,594,0.1,-31.57700436,152.8278827
2446,3041,5491,50.5,17076,12436,4640,0,2772,269,0,49402,"316,172",66.9,-31.42969775,152.5967517
2447,1578,3349,44.4,8275,6705,1570,0,1486,92,0,80386,"514,468",112.6,-30.71015273,152.9089684
2448,1931,4516,40.8,8553,7002,1551,0,1842,89,0,66289,"424,247",92.8,-30.60640252,153.0013757
2449,476,998,44.3,2389,1868,521,0,442,34,0,25137,"160,880",35.1,-30.61146247,152.7534996
2450,7630,16684,42.2,44826,31461,12018,1347,7038,589,3,384667,"2,461,872",539.2,-30.35401295,153.057972
2452,2558,6021,40.8,12841,10484,2357,0,2456,102,0,96307,"616,365",135.2,-30.35689298,153.0908701
2453,611,1537,37.4,3026,2399,627,0,575,36,0,48344,"309,401",67.5,-30.29492143,152.635521
2454,1787,3430,49.2,8663,6656,2007,0,1687,100,0,70928,"453,939",99.2,-30.4561738,152.9050501
2455,628,1548,39,3011,2542,469,0,604,24,0,22907,"146,607",32.1,-30.49718778,153.0190175
2456,3214,7261,41.8,16244,13312,2932,0,3035,179,0,125158,"801,009",175.2,-30.09396773,153.1866877
2460,5941,12620,42.8,34201,24330,9413,458,5402,537,2,306781,"1,963,398",429.7,-29.70744729,152.8388977
2462,583,1613,33.2,2820,2141,679,0,535,48,0,25678,"164,341",35.9,-29.70286898,153.1318412
2463,1816,3738,44.6,10160,7658,2502,0,1666,150,0,67199,"430,071",92,-29.47778971,153.2192207
2464,1673,3806,41.9,8061,6182,1879,0,1594,79,0,56018,"358,516",76.8,-29.43401196,153.3416197
2465,54,145,31.7,406,220,186,0,46,8,0,6722,"43,018",9.2,-29.42081617,153.2331148
2466,473,1165,38.5,2617,1961,656,0,448,25,0,234,"1,497",0.3,-29.37742468,153.3496409
2469,905,2302,36.6,4649,3627,1022,0,843,62,0,62915,"402,658",86,-28.93832427,152.7329533
2470,3378,5919,52.8,19108,14284,4612,212,3125,252,1,164386,"1,052,072",225.3,-28.84323796,152.9859672
2471,580,1047,51.1,3184,2324,860,0,535,45,0,32051,"205,127",43.8,-29.00043507,153.2612626
2472,505,800,59.9,2273,1954,319,0,479,26,0,19933,"127,571",27.3,-29.08878787,153.3611982
2473,748,1985,35.9,3152,2606,546,0,712,36,0,21589,"138,169",29.9,-29.11327659,153.4242461
2474,1664,3069,50.5,8159,6289,1870,0,1551,113,0,82137,"525,679",112.3,-28.53284652,152.9564906
2475,52,226,19.9,348,210,138,0,45,7,0,3851,"24,648",5.6,-28.51607296,152.4807056
2476,113,472,21.4,661,459,202,0,101,12,0,10456,"66,919",15.1,-28.40938659,152.5268853
2477,3206,5580,52.7,16225,12064,4161,0,2943,263,0,122481,"783,877",169.2,-28.87271742,153.4389921
2478,7203,14855,45.3,37769,28648,8319,802,6730,470,3,215784,"1,381,016",298.5,-28.86234056,153.552186
2479,1386,2147,54.7,8679,5387,3292,0,1174,212,0,52976,"339,045",73.1,-28.70910434,153.4981024
2480,10510,19720,49.1,55842,41148,13909,785,9682,826,2,399343,"2,555,794",547.3,-28.74330572,153.2847909
2481,2893,5447,45.1,18789,11031,7603,155,2454,438,1,107775,"689,760",149.1,-28.65168385,153.6003632
2482,1878,3258,51.8,9816,6645,3171,0,1688,190,0,56357,"360,683",77.8,-28.55076982,153.4441386
2483,2775,5153,48.9,14166,10733,3433,0,2522,253,0,78785,"504,222",112,-28.46968172,153.5080628
2484,4820,7648,56.7,26318,18440,7878,0,4336,484,0,175881,"1,125,641",250.4,-28.34992722,153.3755191
2485,2483,5561,41.3,12798,9313,3060,425,2297,185,1,75875,"485,602",108,-28.1839206,153.5249353
2486,8126,14076,53,40131,30802,9329,0,7464,662,0,208672,"1,335,498",296.7,-28.19136706,153.4973945
2487,3388,6312,46.2,20449,13273,7176,0,2919,469,0,88153,"564,182",125.4,-28.26688857,153.5599853
2488,774,1270,55.8,4065,3187,878,0,709,65,0,19021,"121,732",27,-28.33361191,153.5633078
2489,1997,3110,57.7,10865,7845,2845,175,1794,202,1,43803,"280,341",62.3,-28.38546795,153.5621988
2490,179,281,57.7,938,743,195,0,162,17,0,5447,"34,860",7.7,-28.27176676,153.4658921
2500,2007,9134,19.3,13884,8016,5494,374,1763,242,2,209106,"1,338,281",275.7,-34.4214615,150.8900545
2502,1093,4456,22.4,6456,4584,1872,0,1000,93,0,68071,"435,657",89.6,-34.48681627,150.8779671
2505,481,1786,23.8,3184,1918,1134,132,425,55,1,135169,"865,079",181.8,-34.48261408,150.9018248
2506,656,2842,21.2,3892,2804,948,140,603,52,1,35025,"224,163",46.1,-34.47956885,150.8464234
2508,947,2838,30,5698,3935,1587,176,852,94,1,59801,"382,727",78.8,-34.21674029,150.9789029
2515,1445,4117,32.5,7329,5834,1495,0,1340,105,0,56525,"361,758",74.3,-34.29695612,150.9380223
2516,768,2065,33.6,4852,3361,1291,200,694,73,1,31517,"201,708",41.5,-34.33619257,150.9167662
2517,1427,4529,29.1,7942,6084,1608,250,1320,106,1,65927,"421,934",86.8,-34.35046468,150.9066433
2518,1723,8451,18.6,9614,6979,2635,0,1574,149,0,98060,"627,587",129.1,-34.37883824,150.9049142
2519,1493,6726,20.2,8927,6432,2495,0,1360,133,0,89987,"575,920",118.6,-34.38942465,150.8816885
2525,1345,4326,28.6,7550,6052,1498,0,1238,107,0,55311,"353,990",72.7,-34.43095637,150.8517281
2526,2063,5497,33,15185,8828,6107,250,1812,250,1,140641,"900,100",187.3,-34.43780699,150.8294801
2527,3870,8221,42.3,24011,17549,6182,280,3480,389,1,134199,"858,876",177,-34.57853278,150.7748274
2528,2324,9538,23,12041,9452,2275,314,2195,128,1,117777,"753,770",154.9,-34.55136818,150.8580597
2529,3539,11438,28.1,22062,15542,4987,1533,3216,321,2,152758,"977,654",201,-34.58184988,150.8484296
2530,5210,13282,36.3,29012,23222,5790,0,4820,390,0,180533,"1,155,410",237.5,-34.48620907,150.7808147
2533,2529,6580,35.3,14375,10977,3398,0,2321,208,0,99796,"638,696",131.2,-34.65114089,150.8186682
2534,909,2685,30.2,5311,3540,1602,169,811,97,1,46957,"300,523",61.7,-34.75302937,150.8071629
2535,1582,3673,38.1,9413,6489,2705,219,1398,183,1,83163,"532,240",109.2,-34.77682944,150.6949524
2536,3330,10908,28.6,18871,14350,4281,240,3122,207,1,167034,"1,069,018",215.5,-35.73205009,150.1991476
2537,2597,7273,33.4,13600,10601,2999,0,2432,165,0,129543,"829,072",167.1,-35.91604526,150.0806082
2538,515,1181,39.1,2933,2115,818,0,462,53,0,28340,"181,375",36.5,-35.35645522,150.372333
2539,3916,12292,29.7,21688,17297,3887,504,3650,265,1,173098,"1,107,826",223.3,-35.36967309,150.4355549
2540,8415,26577,29,50204,34767,11511,3926,7705,709,1,422372,"2,703,180",545.2,-34.99089272,150.6054103
2541,3812,12511,27.3,24111,15633,7976,502,3413,397,2,220687,"1,412,395",285.6,-34.89853786,150.596041
2545,244,595,38.8,1152,961,191,0,231,13,0,15327,"98,090",19.8,-36.10539516,149.9885297
2546,1853,5792,30.3,9207,7117,1905,185,1755,97,1,95148,"608,949",122.8,-36.2589505,150.0878509
2548,1410,4492,29.8,6723,5506,1217,0,1340,70,0,61393,"392,913",79.2,-36.87941332,149.9068774
2549,765,2187,32.5,3912,2921,991,0,711,54,0,44359,"283,900",57.4,-36.94374309,149.8605195
2550,3546,8140,41.1,16751,12828,3664,259,3349,196,1,189669,"1,213,881",244.8,-36.66267793,149.8410488
2551,598,1671,33.8,2999,2289,710,0,564,34,0,38944,"249,242",49.5,-37.12913531,149.8459167
2555,4,71,4.2,50,9,41,0,3,1,0,14554,"93,148",18.8,-33.8816475,150.7449479
2556,179,766,16.8,1478,549,929,0,129,50,0,40588,"259,766",52.4,-33.9416774,150.7284781
2557,2470,4808,40.9,19837,12090,6893,854,1966,501,3,129487,"828,715",167.4,-34.02467469,150.7738317
2558,1501,3779,37.4,7304,6105,1199,0,1412,89,0,45898,"293,745",59.4,-34.02802404,150.8038337
2559,212,972,19,1393,1038,355,0,185,27,0,8041,"51,459",10.4,-34.04750948,150.8041326
2560,9279,26955,31.3,52154,37502,13165,1487,8434,844,1,426621,"2,730,376",561.5,-34.09392747,150.8097869
2563,34,104,22.1,350,118,232,0,23,11,0,6784,"43,419",8.8,-34.1010505,150.7573047
2564,1358,5266,24.2,6669,5364,1305,0,1276,82,0,57687,"369,199",74.3,-34.00559905,150.8923616
2565,4094,7637,44.4,31229,17494,12905,830,3393,698,3,192694,"1,233,239",253.6,-33.99167274,150.8598572
2566,3928,9780,36.8,23033,16044,6795,194,3603,324,1,188015,"1,203,295",246.3,-34.0226404,150.8386574
2567,5458,14129,32.8,36080,22736,13344,0,4639,819,0,271362,"1,736,716",353.8,-34.04281306,150.7443135
2568,207,407,41.5,1802,656,560,586,169,37,1,14482,"92,688",18.7,-34.14488822,150.7073199
2569,240,450,44,1496,915,581,0,198,42,0,16979,"108,666",22.3,-34.15251464,150.7076308
2570,7697,18586,33.4,56237,33932,21207,1098,6199,1495,3,340176,"2,177,124",439.9,-34.01286911,150.7182189
2571,2135,4724,35.7,14931,8272,6659,0,1688,447,0,112268,"718,512",147.8,-34.25042905,150.5413314
2572,719,1839,33,4876,2901,1975,0,606,113,0,48680,"311,552",62.9,-34.2069828,150.5768946
2573,706,2104,28.8,4253,2853,1400,0,606,100,0,38123,"243,987",49.3,-34.2271987,150.5874334
2574,953,2122,37,6494,3630,2864,0,785,168,0,66986,"428,713",87.9,-34.3071342,150.5914778
2575,2586,7001,32,17706,10561,5668,1477,2241,342,3,159723,"1,022,226",210.7,-34.43826509,150.4686688
2576,1775,6285,24.1,11559,6956,4603,0,1516,259,0,143012,"915,278",188.3,-34.48105001,150.4336542
2577,2839,7439,32.4,19769,11768,8001,0,2407,432,0,217592,"1,392,590",287.2,-34.5542191,150.4319982
2578,545,1418,34.3,2947,2096,851,0,486,59,0,28264,"180,889",38.4,-34.66837596,150.2625674
2579,933,2369,33.5,5899,3712,2187,0,793,140,0,64403,"412,177",87.6,-34.68050399,150.140324
2580,3895,14117,23.8,27549,15692,8518,3339,3363,529,3,355302,"2,273,930",483.5,-34.66979358,149.737015
2581,483,1055,39.1,3056,2110,946,0,412,71,0,44051,"281,924",59.7,-34.78341852,149.2855949
2582,2454,5490,36.3,16984,10058,6926,0,1993,461,0,104883,"671,253",145.1,-34.8507604,148.9030211
2583,795,2743,26.2,4461,3216,1245,0,720,75,0,67859,"434,296",92,-34.31663133,149.3658729
2584,125,308,35.7,752,566,186,0,110,15,0,4516,"28,904",6.2,-34.66716205,148.6405617
2585,26,155,12.3,206,109,97,0,19,7,0,5565,"35,619",7.7,-34.6004577,148.5758355
2586,608,1516,35.8,3555,2494,1061,0,543,65,0,44988,"287,923",63.8,-34.40654573,148.7392397
2587,616,1439,37.7,4149,2667,1285,197,542,73,1,28341,"181,382",39.9,-34.54270207,148.3446508
2588,85,143,50.3,507,349,158,0,72,13,0,7161,"45,833",10.5,-34.5148286,148.1418472
2590,1285,3614,31.5,8301,5187,2645,469,1139,145,1,95850,"613,438",125.9,-34.65743484,147.9978762
2594,1854,4981,31.5,12703,7691,4891,121,1571,282,1,103148,"660,144",150.8,-34.25742071,148.1937041
2600,768,2637,21.9,8402,2782,5357,263,578,189,1,82425,"527,518",114.4,-35.3069742,149.1133678
2601,37,47,,2115,40,1673,402,7,29,1,49060,"313,984",68.1,-35.2813927,149.1227649
2602,3084,10835,25.6,18237,13174,4877,186,2775,308,1,158830,"1,016,509",220,-35.2719573,149.1648583
2603,784,2894,19.8,7396,2965,4431,0,573,211,0,65795,"421,087",93,-35.3295133,149.1217041
2604,728,2430,26.1,4785,2880,1905,0,634,94,0,43673,"279,504",60.5,-35.335103,149.1488893
2605,1239,4098,25.7,8119,4987,2652,480,1053,185,1,67869,"434,364",95.9,-35.3315454,149.0885426
2606,843,4055,17.4,5762,3066,2696,0,704,139,0,65174,"417,113",92,-35.3471544,149.0845986
2607,1556,5571,23.5,9750,6389,3361,0,1309,247,0,82071,"525,252",115.9,-35.369374,149.1008474
2609,213,509,9.8,11902,304,6762,4836,50,157,6,132429,"847,548",188,-35.3093535,149.1819509
2611,4644,12470,31.5,30278,19672,10209,397,3926,716,2,154431,"988,361",218.2,-35.4526686,148.6954887
2612,652,3015,18.1,5090,2603,2287,200,545,106,1,70302,"449,930",97.5,-35.2831579,149.1488072
2614,2445,7503,28.7,14200,10162,4038,0,2154,291,0,107520,"688,128",149,-35.2451607,149.0460037
2615,6115,17970,30.6,35046,26662,8384,0,5497,618,0,235891,"1,509,701",326.9,-35.2135102,149.0289646
2617,3282,10336,27.7,21917,13595,6651,1671,2862,417,3,185586,"1,187,751",257,-35.2279309,149.0837462
2618,270,551,35.8,2378,1067,1311,0,197,73,0,3324,"21,272",4.6,-35.1277684,149.0277092
2619,1115,3359,27.7,7869,5064,2511,294,929,185,1,57215,"366,178",79.3,-35.3844774,149.1979373
2620,5479,15174,29.6,41261,23580,17336,345,4496,981,2,38865,"248,738",56.4,-35.41849319,149.1909034
2621,1239,2560,41.5,7787,5569,2218,0,1063,176,0,70858,"453,491",98.1,-35.3937781,149.4328549
2622,953,2766,30.8,5081,3676,1405,0,853,100,0,67648,"432,944",91.8,-35.45708681,149.7971071
2623,79,296,24.3,406,319,87,0,72,7,0,5224,"33,436",7.2,-35.5720136,149.4239637
2625,5,8,,120,20,100,0,4,1,0,0,0,0,-36.50399047,148.3047948
2626,93,199,43.7,486,416,70,0,87,6,0,7223,"46,225",10.1,-35.93293569,149.149139
2627,763,2666,22.7,5544,3116,2428,0,604,159,0,18113,"115,925",22.9,-36.41176008,148.6232889
2628,337,1267,24.1,1982,1459,523,0,305,32,0,20871,"133,577",29.1,-36.40576613,148.7731004
2629,108,588,16.2,785,479,306,0,95,13,0,11511,"73,668",15.1,-35.92792668,148.6800388
2630,1283,4013,29.1,7485,5172,2313,0,1168,115,0,110872,"709,583",155.1,-36.23640109,149.1163472
2631,90,380,21.6,441,328,113,0,82,8,0,11276,"72,167",15.1,-36.60409216,149.3205185
2632,302,910,31.1,1428,1155,273,0,283,19,0,30241,"193,544",40.5,-36.93084374,149.2278
2633,44,244,17.6,209,183,26,0,43,1,0,8992,"57,549",12,-36.98614166,148.9071917
2640,6301,19852,27.9,41364,25290,15344,730,5534,765,2,374473,"2,396,626",506.6,-36.08467831,146.919996
2641,2238,9092,22.5,13183,9230,3953,0,2045,193,0,124716,"798,181",168.6,-36.03975046,146.9418597
2642,1126,2127,46.9,7065,4989,2076,0,997,129,0,96072,"614,860",129.1,-35.75876977,147.3371135
2643,698,1339,48.8,4158,3068,1090,0,654,44,0,7796,"49,895",10.7,-35.97892078,146.5941627
2644,513,1171,38.4,3466,2252,1214,0,450,63,0,54700,"350,077",73.5,-35.74658875,147.3441481
2645,105,225,42.2,670,465,205,0,95,10,0,11694,"74,843",16,-35.32239907,146.3109376
2646,1536,3310,42,49628,6615,3189,39824,1391,143,2,79051,"505,924",108.2,-35.92942693,146.3582946
2647,608,1107,49.5,4326,2617,1413,296,548,59,1,7445,"47,651",10.2,-35.98582847,146.0076035
2648,492,1170,34.8,3805,1981,1824,0,407,85,0,47230,"302,273",68.8,-33.77599604,141.9485726
2649,7,10,,30,19,11,0,6,1,0,1047,"6,701",1.4,-35.72003657,148.221699
2650,8069,23164,31.6,212746,33549,15323,163874,7322,741,6,581920,"3,724,289",786,-35.13031293,147.2933833
2651,246,777,29.7,1512,1161,351,0,231,15,0,25688,"164,405",35,-35.1522222,147.4657021
2652,835,1985,36.4,6017,3642,1573,802,723,109,3,109211,"698,950",161.1,-34.89614481,146.9826227
2653,506,1184,39.2,2942,2131,811,0,464,42,0,43495,"278,371",57.2,-35.76011088,148.009786
2655,280,605,41.7,1615,1179,436,0,252,28,0,21829,"139,704",29.4,-35.29741467,147.1225316
2656,272,613,40.1,1634,1208,426,0,246,26,0,26324,"168,471",35.3,-35.25499455,146.7494041
2658,320,676,44.2,1778,1410,368,0,299,21,0,33879,"216,824",45.5,-35.51047184,146.9832245
2659,181,343,48.7,1342,843,273,226,167,13,1,12430,"79,550",16.7,-35.75140408,146.8890486
2660,353,695,45.2,2782,1447,890,445,314,37,2,14797,"94,699",19.9,-35.66709842,147.0424406
2661,1,57,1.8,6,6,0,0,1,0,0,10027,"64,174",13.9,-35.15465035,147.2949971
2663,675,1822,34.5,43238,2733,1106,39399,628,46,1,52632,"336,847",69.2,-34.85538133,147.6271598
2665,327,1022,28,2085,1516,569,0,286,41,0,54912,"351,438",81,-34.31315812,146.8323284
2666,917,2568,30.9,117078,3870,2304,110904,794,121,2,115589,"739,767",169.7,-34.46341063,147.5834075
2668,74,209,33.5,357,309,48,0,70,4,0,13427,"85,933",19.6,-34.13498665,147.4005481
2669,288,899,26.7,2435,1262,621,552,240,46,2,72886,"466,472",107.5,-33.71932083,146.6073811
2671,803,1826,37.7,6657,3190,2209,1258,689,112,2,40433,"258,769",59.6,-33.86981365,147.2123583
2672,322,587,44,2979,1259,1499,221,258,63,1,12898,"82,548",19,-33.28355298,146.3680579
2675,278,729,28.1,123204,987,2283,119934,205,69,4,35581,"227,715",52.6,-33.41440751,145.6442879
2680,3462,8399,31.5,67801,12872,17347,37582,2648,804,10,330854,"2,117,463",490.7,-34.49382016,146.3379907
2681,275,678,29.4,2381,994,1387,0,199,76,0,41740,"267,136",62.4,-34.20708198,146.1824072
2700,860,2278,32.7,6906,3441,2254,1211,746,113,1,33455,"214,114",49.4,-34.77149426,146.4840253
2701,416,1006,37.9,2431,1755,676,0,381,35,0,20250,"129,599",29.9,-34.72852973,147.2154515
2702,165,325,46.2,837,652,185,0,150,15,0,17938,"114,800",26.5,-34.80278847,147.0341676
2703,125,281,39.1,839,568,271,0,110,15,0,10997,"70,382",16.1,-34.62066887,146.4007438
2705,1539,4379,28.1,26995,5970,6503,14522,1231,306,2,148567,"950,830",220.4,-34.55787501,146.399666
2706,226,574,34.5,335122,983,749,333390,198,25,3,29081,"186,117",42.9,-34.58552182,145.980915
2707,199,615,25.2,190308,724,904,188680,155,43,1,29118,"186,354",43,-34.80462379,145.8721002
2710,1947,4591,36,14687,8394,6293,0,1655,292,0,187120,"1,197,567",265.1,-35.73811084,144.8936642
2711,606,1754,27.5,5671,2462,2614,595,482,122,2,72679,"465,148",107.4,-34.38224306,144.8530109
2712,325,659,42.5,2441,1319,1122,0,280,45,0,35505,"227,229",48.7,-35.6852921,145.8587465
2713,595,1391,35.5,180102,2435,2376,175291,494,100,1,32441,"207,622",45.7,-35.60695641,145.517534
2714,712,1691,38.3,4335,2918,1417,0,648,64,0,53063,"339,606",75.4,-35.7817461,145.5060683
2715,221,861,21.8,605832,931,642,604259,188,30,3,19598,"125,428",28.5,-34.54663752,143.5438442
2716,289,550,47.3,1789,1229,560,0,260,29,0,17871,"114,376",26.4,-35.1607362,145.6628505
2717,203,631,26.1,5449,800,632,4017,165,36,2,18713,"119,761",27.3,-34.09421954,142.0566586
2720,1368,3774,32.9,7969,5663,2306,0,1240,128,0,37806,"241,959",49.5,-35.35444026,148.2789449
2721,34,150,20,227,173,54,0,30,4,0,8712,"55,756",12.7,-34.01430748,147.7534518
2722,581,1507,33.5,3849,2367,1482,0,505,76,0,52717,"337,390",69.1,-35.04861923,148.109423
2725,68,203,30,365,278,87,0,61,7,0,5325,"34,081",7.8,-34.48715978,147.8779337
2726,56,121,39.7,394,257,137,0,48,8,0,6072,"38,859",8.6,-34.7814597,148.3195138
2727,63,165,29.7,466,252,214,0,49,14,0,10861,"69,509",15.3,-34.95807512,148.3545067
2729,377,758,45.4,2172,1601,571,0,344,33,0,19701,"126,089",25.8,-35.2894462,148.0100182
2730,275,682,36.2,1665,1057,608,0,247,28,0,27482,"175,882",36.2,-35.53277239,148.1085861
2731,1396,3218,38.2,9333,5802,3334,197,1229,166,1,28634,"183,260",40.4,-36.09000126,144.7487676
2732,399,994,26.6,3778,1387,2391,0,264,135,0,43840,"280,575",63.4,-35.42183164,144.0953184
2733,132,353,32.3,906,588,318,0,114,18,0,12930,"82,749",18.6,-35.14525437,144.1453786
2734,67,206,17.5,929,228,701,0,36,31,0,16137,"103,276",23.3,-35.23977267,143.7272552
2735,83,207,38.6,556,521,35,0,80,3,0,11092,"70,986",16,-35.16141,143.4936544
2736,67,181,26,719,215,504,0,47,20,0,8459,"54,139",12.2,-34.99356227,143.3689957
2737,112,411,18.2,2153,399,1048,706,75,35,2,10850,"69,442",15.8,-34.4780228,142.8296406
2738,377,653,37.4,3701,1392,2309,0,244,133,0,25191,"161,221",36.7,-34.20446979,142.2451599
2739,244,733,24.6,4156,914,1593,1649,180,61,3,26319,"168,444",38.7,-34.16992897,142.1857542
2745,4105,10763,31.6,27363,16847,10516,0,3402,703,0,203097,"1,299,822",262.9,-33.80694431,150.6879571
2747,6118,18032,30.3,38578,27766,9752,1060,5469,647,2,210898,"1,349,745",271.5,-33.75521208,150.7522126
2748,260,574,31.4,2625,959,1666,0,180,80,0,37092,"237,389",48.2,-33.79240993,150.7207971
2749,2001,6269,27.4,12882,8078,4804,0,1716,285,0,99010,"633,665",127.3,-33.71601488,150.685816
2750,4579,17346,23.4,30633,17783,11871,979,4055,522,2,321400,"2,056,959",416.3,-33.75457026,150.6796903
2752,857,1674,39.5,6005,3159,2846,0,661,196,0,43846,"280,617",57,-33.90185867,150.5996945
2753,1805,6174,23.3,13471,6647,6526,298,1438,366,1,182504,"1,168,028",235.2,-33.61914144,150.6983294
2754,951,2305,34.1,6424,3955,2469,0,786,165,0,51263,"328,083",66.7,-33.56576558,150.7160019
2756,3994,12972,23.3,32431,14561,17870,0,3019,975,0,344062,"2,201,995",448,-33.56973575,150.8200231
2757,101,291,21,928,303,625,0,61,40,0,9511,"60,868",12.3,-33.5494784,150.6976229
2758,1193,3150,28.6,8343,4251,4092,0,902,291,0,99390,"636,097",128.7,-33.48900825,150.7230775
2759,3366,8886,34.5,20420,14176,5545,699,3068,296,2,215354,"1,378,264",282.8,-33.79928867,150.7926172
2760,3119,14039,20.6,18822,13086,5614,122,2892,226,1,199984,"1,279,896",260.5,-33.75889792,150.7802197
2761,4757,10310,41.8,28662,20049,8243,370,4314,441,2,161148,"1,031,345",210.9,-33.72649949,150.8508722
2762,2840,2129,,20805,14968,5837,0,2423,417,0,44600,"285,442",57.9,-33.70008963,150.8804241
2763,3756,9334,36.9,19465,15273,4192,0,3442,314,0,116560,"745,987",150.1,-33.72829135,150.8979036
2765,7632,5754,,65225,37791,24199,3235,5990,1636,6,218606,"1,399,076",284.9,-33.69655331,150.8182266
2766,1717,5079,30.2,18889,6838,6377,5674,1536,172,9,195351,"1,250,245",256.8,-33.78600012,150.8477834
2767,3418,8204,39.4,14764,12406,2358,0,3232,186,0,86649,"554,553",111.5,-33.76609505,150.8700742
2768,4240,8898,43.4,22620,17386,5234,0,3858,382,0,112710,"721,344",145.2,-33.73051157,150.9312067
2769,2799,6717,35.8,17879,12807,5072,0,2408,391,0,51657,"330,608",66.5,-33.71022547,150.8979011
2770,4945,19398,23.8,26822,19935,6327,560,4619,324,2,262639,"1,680,888",338.4,-33.75728943,150.8143204
2773,851,2218,34.2,4540,3354,1186,0,758,93,0,37305,"238,749",47.9,-33.76447335,150.6243419
2774,1704,4960,31.8,8620,6833,1787,0,1575,129,0,71831,"459,717",92.3,-33.72236823,150.6036061
2775,249,852,26.1,1482,950,532,0,222,27,0,26881,"172,039",34.8,-33.3343926,150.9993411
2776,632,1580,36.4,3099,2357,742,0,575,57,0,24214,"154,972",31.1,-33.69200549,150.5410926
2777,2460,6691,33.2,12863,9047,3667,149,2223,236,1,116062,"742,795",149.2,-33.7123756,150.5773984
2778,428,983,41.2,1892,1614,278,0,405,23,0,15917,"101,870",20.4,-33.7208138,150.505087
2779,673,2099,30,3129,2516,613,0,629,44,0,28924,"185,112",37.1,-33.72025171,150.4559008
2780,1697,7128,22.2,8845,6290,2555,0,1579,118,0,111048,"710,709",145.9,-33.71705691,150.3342857
2782,935,3014,29.1,4707,3772,935,0,876,59,0,48722,"311,823",62.5,-33.71027577,150.3705026
2783,373,1155,30.1,1735,1306,429,0,348,25,0,19343,"123,795",24.8,-33.72623545,150.4258417
2784,208,559,35.1,898,735,163,0,196,12,0,8394,"53,723",10.8,-33.72886388,150.4145052
2785,772,2958,24.7,3845,2962,883,0,730,42,0,4489,"28,731",5.9,-33.66407747,150.2681002
2786,215,899,21.8,1076,805,271,0,196,19,0,5224,"33,431",6.7,-33.54543683,150.2986765
2787,678,2143,27.7,5818,2694,1130,1994,593,84,1,40069,"256,440",52.5,-33.79092762,149.8889165
2790,1948,7506,22.6,12611,7756,4429,426,1696,250,2,162605,"1,040,672",214.3,-33.47347425,150.1145744
2791,62,156,31.4,470,232,238,0,49,13,0,6491,"41,540",9.2,-33.58709343,149.1093901
2792,61,208,25.5,489,253,236,0,53,8,0,7418,"47,478",10.5,-33.63620343,148.9916472
2793,217,590,34.9,1062,922,140,0,206,11,0,15976,"102,248",22.7,-33.82171543,148.9123562
2794,1838,4577,34.8,11845,7057,4542,246,1591,246,1,140984,"902,298",201,-33.85152169,148.6877548
2795,6172,19197,27.9,41582,26221,15062,299,5357,814,1,475978,"3,046,258",665.7,-33.42626261,149.606982
2797,76,187,34.2,465,305,160,0,64,12,0,3750,"24,003",5.3,-33.70160966,149.0308464
2798,363,954,32.3,2183,1511,672,0,308,55,0,29101,"186,248",41.3,-33.4367415,149.1738755
2799,522,1734,25.7,4140,2196,1343,601,446,75,1,24870,"159,170",35.3,-33.50371353,149.3071103
2800,6523,20369,27.5,46400,27734,17319,1347,5601,919,3,462098,"2,957,429",658.9,-33.28203278,149.0942334
2803,71,152,40.8,667,297,370,0,62,9,0,10863,"69,523",15.4,-34.14074877,148.4780513
2804,652,1223,47.3,4043,2641,1402,0,578,74,0,32462,"207,757",46,-33.57066577,148.6506536
2805,68,198,28.3,428,236,192,0,56,12,0,8188,"52,406",12,-33.64061025,148.4447404
2806,146,420,29.5,1153,640,513,0,124,22,0,12064,"77,208",17.6,-33.4215435,148.3629771
2807,100,216,42.1,509,398,111,0,91,9,0,8077,"51,695",11.5,-34.0240893,148.5600778
2808,47,196,21.9,241,198,43,0,43,4,0,6043,"38,678",8.6,-33.973656,148.9396404
2809,51,113,38.9,297,213,84,0,44,7,0,6341,"40,584",9.3,-34.0203118,148.3931562
2810,623,1691,31.7,4143,2521,1622,0,536,87,0,44326,"283,686",64.8,-33.83410418,147.8974602
2817,47,157,24.2,300,186,114,0,38,9,0,10570,"67,650",15.6,-31.41250005,148.8711485
2818,133,354,31.4,836,554,282,0,111,22,0,14895,"95,325",21.9,-32.37952071,148.833437
2820,1044,3075,29.4,397104,3938,2279,390887,903,139,2,56651,"362,569",83.5,-32.5480368,148.9517834
2821,1163,1983,51.4,17873,3994,2488,11391,1020,141,2,78374,"501,596",115.5,-32.21225747,148.2090393
2822,48,208,16.8,450,201,249,0,35,13,0,10781,"68,996",15.9,-31.94281113,148.6024567
2823,358,614,49.5,2077,1287,790,0,304,54,0,38714,"247,769",57,-31.85663982,148.0259065
2824,570,1010,48.1,3408,2040,1368,0,486,84,0,46818,"299,633",69.2,-31.40777525,147.8279852
2825,453,1094,35.3,105252,1511,1141,102600,386,65,2,45001,"288,004",67.1,-31.57910098,147.2686158
2826,43,75,46.7,132103,169,87,131847,35,7,1,7763,"49,683",11.4,-31.82056481,147.6547099
2827,878,1696,46.6,4634,3147,1487,0,791,87,0,65722,"420,622",96.9,-31.66639695,148.6117936
2828,193,477,32.5,1318,712,606,0,155,38,0,24993,"159,955",36.8,-31.30424041,148.3349334
2829,735,1431,44.7,4410,2693,1717,0,639,96,0,36309,"232,380",54.1,-30.87707561,148.4317908
2830,9865,16789,52.9,71120,32954,18614,19552,8881,978,6,440342,"2,818,192",651.8,-32.22881176,148.6476986
2831,592,907,60,3303,2068,635,600,544,47,1,55997,"358,380",83.3,-30.98340766,147.6882539
2832,519,1261,34.7,3507,1782,1725,0,438,81,0,60074,"384,473",90,-29.9787948,148.0203462
2833,200,406,44.8,1016,769,247,0,182,18,0,14832,"94,926",22.1,-29.41940734,148.6504382
2834,626,1437,39.2,2912,1694,1218,0,564,62,0,40350,"258,241",61.2,-29.3070406,147.9141965
2835,961,1988,43.2,5286,3486,1800,0,858,103,0,58039,"371,448",86.7,-31.57346015,145.5127395
2836,229,471,37.8,1475,716,759,0,178,51,0,17842,"114,190",28,-31.06986198,143.2900496
2838,55,100,34,556,166,390,0,34,21,0,4863,"31,125",7.3,-29.34992284,147.3401859
2839,318,532,53,1834,1302,532,0,282,36,0,23254,"148,828",35.8,-29.76102858,146.8872903
2840,732,1315,48.4,4350,2825,1525,0,636,96,0,57035,"365,024",87.9,-29.92941702,145.3646087
2842,185,317,51.7,997,661,336,0,164,21,0,17874,"114,393",26.3,-31.81887127,149.0809043
2843,265,590,39.3,1713,1148,565,0,232,33,0,26476,"169,448",37.6,-31.80947593,149.7614995
2844,325,722,39.8,1825,1313,512,0,287,38,0,26049,"166,716",37,-32.02824811,149.4431739
2845,260,864,26.9,1527,1091,436,0,232,28,0,2227,"14,255",3.1,-33.4122975,150.0592936
2846,83,187,41.2,2368,295,73,2000,77,5,1,8420,"53,891",11.7,-33.10946272,149.9917588
2847,401,1022,35.5,2253,1611,642,0,363,38,0,7998,"51,187",11.2,-33.38850208,150.0433617
2848,218,856,23.5,1251,952,299,0,201,17,0,19791,"126,665",28.3,-32.8877851,149.9715045
2849,354,894,34.8,1986,1401,585,0,311,43,0,30972,"198,224",44,-32.73178904,150.0923008
2850,3154,8655,31.6,20896,13614,6992,290,2732,421,1,139499,"892,792",198.2,-32.65882098,149.6253813
2852,612,1723,31.1,114864,2650,1310,110904,535,76,1,50947,"326,059",72.5,-32.26084508,149.5363659
2864,168,356,40.4,1175,678,497,0,144,24,0,18718,"119,798",26.6,-33.3326959,148.6882325
2865,228,397,53.7,57010,918,220,55872,213,14,1,10159,"65,019",14.4,-33.15492366,148.6413209
2866,499,1277,33.3,42320,2047,1217,39056,425,73,1,32379,"207,225",45.9,-33.04248694,148.9124802
2867,123,292,39,725,582,143,0,114,9,0,17085,"109,343",25.2,-32.86550852,148.7540975
2868,134,297,40.7,803,615,188,0,121,13,0,16333,"104,528",24,-32.73460502,148.6307497
2869,314,734,38.7,8477,1252,586,6639,284,29,1,39128,"250,422",57.6,-32.72460678,148.1907766
2870,2207,4875,40.1,169645,9179,4269,156197,1956,244,7,158354,"1,013,462",232.2,-33.10987042,148.2057207
2871,1421,4253,28.4,71040,5710,3893,61437,1208,212,1,167535,"1,072,227",245.7,-33.39714571,147.9625744
2873,164,285,49.5,932,628,304,0,141,23,0,17142,"109,710",25.3,-32.27475671,147.3455776
2874,116,226,47.3,571,463,108,0,107,9,0,12971,"83,014",19.1,-32.60934018,147.5718813
2875,188,544,30.5,7774,809,245,6720,166,21,1,30124,"192,791",44.4,-32.97213626,147.5935867
2876,71,194,34,387,329,58,0,66,5,0,16243,"103,956",23.7,-33.11954445,147.8475405
2877,792,1762,38.8,5309,3221,2088,0,683,109,0,51935,"332,386",76.6,-32.90436979,146.8381094
2878,70,173,32.4,447,236,211,0,56,14,0,15254,"97,623",22.7,-32.94464665,144.3634106
2879,259,425,50.8,1648,882,766,0,216,43,0,16176,"103,529",25.4,-32.42427973,142.6320884
2880,5627,9625,53,81063,18877,9186,53000,5102,524,1,197925,"1,266,719",311.7,-31.4160942,141.6622242
2898,43,262,15.6,171,150,21,0,41,2,0,0,0,0,-31.53323008,159.0706539
2899,555,2401,22,1770,1209,561,0,528,27,0,0,0,0,-29.03595129,167.9522577
2900,235,612,34.3,2642,1067,883,692,210,24,1,27020,"172,931",38,-35.4153639,149.0645272
2902,2123,5932,31.1,12726,8788,3695,243,1842,280,1,88107,"563,883",124.5,-35.3864116,149.0634623
2903,1182,3816,27.4,6966,5166,1800,0,1044,138,0,57331,"366,921",81,-35.4000225,149.0899197
2904,2048,5065,35.2,24070,7844,3376,12850,1785,262,1,75987,"486,318",107.4,-35.4069179,149.1154176
2905,3707,11286,29.2,22277,16882,5395,0,3300,407,0,156473,"1,001,426",221,-35.4331495,149.098527
2906,2199,6418,30.6,13463,10056,3407,0,1962,237,0,94273,"603,345",133.2,-35.4579439,149.0927732
2911,543,2936,13.1,5420,2156,3264,0,386,157,0,53195,"340,449",75.2,-35.206933,149.1208331
2912,441,1792,20.6,4324,1821,1426,1077,370,68,3,34281,"219,399",47.4,-35.18702165,149.1350941
2913,4263,15877,22.9,27030,18569,8461,0,3628,635,0,165915,"1,061,855",229.9,-35.1690279,149.1015199
2914,3528,11695,24.6,25071,15640,8831,600,2878,649,1,113265,"724,896",156.9,-35.16192127,149.1517254
